trade_date,ticker,close,prev,chg_pct,open,high,low,volume,status,confirmed_by
2026-09-30,BMRI,4010.0,4030.0,-0.5,,,,,confirmed_2,ajaib+pluang
2026-09-30,BBCA,6075.0,6150.0,-1.22,,,,,confirmed_2,ajaib+pluang
2026-09-30,BBRI,3140.0,3170.0,-0.95,,,,,confirmed_2,ajaib+pluang
2026-09-30,BBNI,3390.0,3440.0,-1.45,,,,,confirmed_2,ajaib+pluang
2026-09-30,TLKM,2290.0,2370.0,-3.38,,,,,confirmed_2,ajaib+pluang
2026-09-30,ASII,4600.0,4700.0,-2.13,,,,,confirmed_2,ajaib+pluang
2026-09-30,AMRT,1320.0,,,,,,,confirmed_2,ajaib+pluang
2026-09-30,ISAT,2260.0,2300.0,-1.74,,,,,confirmed_2,ajaib+pluang
2026-09-30,INDF,6725.0,6700.0,0.37,,,,,confirmed_2,ajaib+pluang
2026-09-30,SIDO,348.0,,,,,,,confirmed_2,ajaib+pluang
2026-09-30,AADI,10950.0,11050.0,-0.91,,,,,confirmed_2,ajaib+pluang
2026-09-30,ADRO,2430.0,2470.0,-1.62,,,,,confirmed_2,ajaib+pluang
2026-09-30,PTBA,3120.0,3110.0,0.32,,,,,confirmed_2,ajaib+pluang
2026-09-30,ANTM,3200.0,3160.0,1.27,,,,,confirmed_2,ajaib+pluang
2026-09-30,MEDC,1390.0,1460.0,-4.79,,,,,confirmed_2,ajaib+pluang
2026-09-30,BRMS,590.0,595.0,-0.84,,,,,confirmed_2,ajaib+pluang
2026-09-30,BMRI,4010.0,4030.0,-0.5,,,,,confirmed_2,ajaib+pluang
2026-09-30,BBCA,6075.0,6150.0,-1.22,,,,,confirmed_2,ajaib+pluang
2026-09-30,BBRI,3140.0,3170.0,-0.95,,,,,confirmed_2,ajaib+pluang
2026-09-30,BBNI,3390.0,3440.0,-1.45,,,,,confirmed_2,ajaib+pluang
2026-09-30,TLKM,2290.0,2370.0,-3.38,,,,,confirmed_2,ajaib+pluang
2026-09-30,ASII,4600.0,4700.0,-2.13,,,,,confirmed_2,ajaib+pluang
2026-09-30,AMRT,1320.0,1320.0,0.0,,,,,confirmed_2,ajaib+pluang
2026-09-30,ISAT,2260.0,2300.0,-1.74,,,,,confirmed_2,ajaib+pluang
2026-09-30,INDF,6725.0,6700.0,0.37,,,,,confirmed_2,ajaib+pluang
2026-09-30,SIDO,348.0,348.0,0.0,,,,,confirmed_2,ajaib+pluang
2026-09-30,AADI,10950.0,11050.0,-0.91,,,,,confirmed_2,ajaib+pluang
2026-09-30,ADRO,2430.0,2470.0,-1.62,,,,,confirmed_2,ajaib+pluang
2026-09-30,PTBA,3120.0,3110.0,0.32,,,,,confirmed_2,ajaib+pluang
2026-09-30,ANTM,3200.0,3160.0,1.27,,,,,confirmed_2,ajaib+pluang
2026-09-30,MEDC,1390.0,1460.0,-4.79,,,,,confirmed_2,ajaib+pluang
2026-09-30,BRMS,590.0,595.0,-0.84,,,,,confirmed_2,ajaib+pluang
2026-09-30,BMRI,4010.0,4030.0,-0.5,,,,,confirmed_2,ajaib+pluang
2026-09-30,BBCA,6075.0,6150.0,-1.22,,,,,confirmed_2,ajaib+pluang
2026-09-30,BBRI,3140.0,3170.0,-0.95,,,,,confirmed_2,ajaib+pluang
2026-09-30,BBNI,3390.0,3440.0,-1.45,,,,,confirmed_2,ajaib+pluang
2026-09-30,TLKM,2290.0,2370.0,-3.38,,,,,confirmed_2,ajaib+pluang
2026-09-30,ASII,4600.0,4700.0,-2.13,,,,,confirmed_2,ajaib+pluang
2026-09-30,AMRT,1320.0,1320.0,0.0,,,,,confirmed_2,ajaib+pluang
2026-09-30,ISAT,2260.0,2300.0,-1.74,,,,,confirmed_2,ajaib+pluang
2026-09-30,INDF,6725.0,6700.0,0.37,,,,,confirmed_2,ajaib+pluang
2026-09-30,SIDO,348.0,348.0,0.0,,,,,confirmed_2,ajaib+pluang
2026-09-30,AADI,10950.0,11050.0,-0.91,,,,,confirmed_2,ajaib+pluang
2026-09-30,ADRO,2430.0,2470.0,-1.62,,,,,confirmed_2,ajaib+pluang
2026-09-30,PTBA,3120.0,3110.0,0.32,,,,,confirmed_2,ajaib+pluang
2026-09-30,ANTM,3200.0,3160.0,1.27,,,,,confirmed_2,ajaib+pluang
2026-09-30,MEDC,1390.0,1460.0,-4.79,,,,,confirmed_2,ajaib+pluang
2026-09-30,BRMS,590.0,595.0,-0.84,,,,,confirmed_2,ajaib+pluang
